text,label
"I love programming in Python",programming
"Java and C++ are popular languages",programming
"Machine learning is amazing",programming
"Debugging code can be tricky",programming
"Python makes data analysis easy",programming
"Football is my favorite sport",sports
"Messi scored a goal yesterday",sports
"The Olympics are exciting to watch",sports
"Tennis matches are intense",sports
"I enjoy swimming in the morning",sports
"I watched a great movie yesterday",movies
"The actor won an award for his performance",movies
"Comedy movies make me laugh",movies
"Horror films are scary but fun",movies
"Animated films are popular among kids",movies
"Learning algorithms improves programming skills",programming
"Basketball season starts next week",sports
"Documentaries teach us about history",movies
"Python and Java are useful for web development",programming
"Cricket matches are thrilling to watch",sports
"Coding in JavaScript is fun and interactive",programming
"Playing soccer improves fitness",sports
"Romantic movies touch the heart",movies
"Data science combines statistics and programming",programming
"Baseball is an exciting sport to play",sports
"Thriller movies keep me on the edge",movies
"Artificial intelligence is the future",programming
"Watching Formula 1 races is thrilling",sports
"Science fiction movies explore futuristic concepts",movies
"Debugging JavaScript code can be frustrating",programming
"Swimming competitions require strong stamina",sports
"Animated movies like Toy Story are entertaining",movies
"Python libraries make machine learning easier",programming
"Soccer tournaments attract fans worldwide",sports
"Documentary films are educational",movies
"Understanding algorithms is crucial for programmers",programming
"Basketball games are fast-paced and exciting",sports
"Action movies have amazing stunts",movies
"Learning to code improves problem-solving skills",programming
"Cricket fans celebrate when their team wins",sports
"Comedy movies lighten the mood",movies
"Data analysis is fun with Python",programming
"Running marathons is challenging but rewarding",sports
"Horror movies are perfect for Halloween",movies
"Developing mobile apps requires coding skills",programming
"Gymnastics requires flexibility and balance",sports
"Musical movies have great songs",movies
"Artificial neural networks are powerful tools",programming
"Football fans cheer loudly in stadiums",sports
"Classic movies never go out of style",movies
"Programming challenges improve logical thinking",programming
"Watching tennis tournaments is enjoyable",sports
"Animated films often convey important lessons",movies
"Java programming helps in building applications",programming
"Soccer players need endurance and strategy",sports
"Romantic comedies are fun to watch",movies
"Learning new programming languages broadens skills",programming
"Participating in sports keeps you healthy",sports
"Documentaries give insight into real-world issues",movies
"Debugging Python scripts can be rewarding",programming
"Basketball players practice daily to improve skills",sports
"Science fiction movies often predict the future",movies
"Coding competitions are exciting for students",programming
"Cricket is loved by millions around the world",sports
"Action-packed movies keep viewers engaged",movies
"Data visualization is key in data science",programming
"Volleyball matches are full of energy",sports
"Animated shorts can be very creative",movies
"JavaScript frameworks simplify web development",programming
"Watching baseball games is entertaining",sports
"Comedy films are my favorite genre",movies
"Learning coding concepts helps in software development",programming
"Tennis requires agility and concentration",sports
"Historical movies are often fascinating",movies
"Python makes automating tasks easier",programming
"Soccer matches bring communities together",sports
"Romantic movies tell beautiful stories",movies
"Solving programming puzzles sharpens the mind",programming
"Swimming races require both speed and technique",sports
"Documentary series often provide deep insights",movies
"Machine learning projects are challenging and fun",programming
"Basketball championships excite fans",sports
"Horror movies create suspense and thrill",movies
"Coding bootcamps help beginners learn fast",programming
"Cricket tournaments attract large crowds",sports
"Animated series are loved by both kids and adults",movies
"Python programming is versatile and powerful",programming
"Watching sports events live is exhilarating",sports
"Comedy series can be binge-watched easily",movies
"Java programming is used in many enterprise applications",programming
"Soccer tournaments are full of surprises",sports
"Science documentaries expand knowledge",movies
"Learning data structures is essential for programmers",programming
"Track and field events test speed and stamina",sports
"Fantasy movies transport viewers to magical worlds",movies
"Debugging helps improve programming logic",programming
"Basketball tournaments are thrilling to watch",sports
"Animated movies often have heartwarming stories",movies
"Web development requires HTML, CSS, and JavaScript skills",programming
"Football practice improves team coordination",sports
"Classic films have timeless appeal",movies
"Artificial intelligence projects challenge programmers",programming
"Watching tennis matches live is exciting",sports
"Documentary movies often reveal unknown facts",movies
"Developing games requires creativity and coding",programming
"Cricket fans enjoy analyzing match statistics",sports
"Comedy shows provide entertainment and laughter",movies
"Learning programming helps with career opportunities",programming
"Participating in swimming competitions improves skills",sports
"Horror series are perfect for thrill-seekers",movies
"Python scripting automates repetitive tasks",programming
"Soccer leagues bring together talented players",sports
"Animated films are visually stunning",movies
"Mastering JavaScript opens many job opportunities",programming
"Basketball fans enjoy intense matchups",sports
"Romantic films often explore emotions deeply",movies
